{"rotation":0,"arcs":[[[94.67457943827608,97.11298746122594,-0.3923703449602884],[96.84853899733932,94.66513610404584,2.534607190796125e-08],[96.84853821748072,5.645400304784189,-0.4391060278661477],[94.32223542506395,3.197550507321267,2.528078857366724e-08],[5.531785851772568,3.197552067038473,-0.3871108030535342],[3.195752179882312,5.451125830505816,2.545569621759115e-08],[3.195752959740915,94.85588015845764,-0.3910623933837311],[5.531790530924148,97.11298824108454,2.538110810412777e-08]],[[0.8949525193839776,97.74172739850843,0.132016917168855],[1.61130198250703e-06,95.07134573037993,2.554520417419328e-08],[8.314433799228027e-07,5.352223383433341,0.3879172011036375],[5.313338100577084,0.0008664480008775399,2.535903842471041e-08],[94.3786129627254,0.0008648882836865823,0.4173466878759549],[100.0654307526134,5.550027497719682,2.538831300746836e-08],[100.065431532472,94.71812047695371,0.4172232490108468],[94.40680095169753,100.316737039431,2.532593335047297e-08],[5.457795207708145,100.316737039431,0.2533073700360153]]],"pocketCuts":[[[1.630587106001528,1.634070226452451,0.0008732853214606343],[1.634508268255786,1.6301490641982,0.1837002590608806],[5.26086900921554,0.003681575885124744,0.01520399516590948],[5.357351092845072,0.0008674925638558761,-7.020379295577453e-06],[94.37240842594525,0.0008458457690707633,0.01826205895608115],[94.79632301980149,0.00913966056869242,0.0003923905417938003],[94.79881085500145,0.009278045435316074,7.136095551099426e-05],[94.80040344061734,0.009370044313129711,6.635040128583292e-05],[94.80194190924628,0.009458177691868741,0.0003883134547463605],[94.80440345905258,0.009602747357000396,0.3946661017554541],[100.0653577404655,5.540753094301451,0.002780280280055987],[100.0654296387481,5.558407601643367,7.011536500488415e-06],[100.0653531018666,94.73949739689826,0.002366805449000002],[100.0653043965784,94.75452645727341,0.4153456083378121],[94.40597641984901,100.3167561898218,-7.027785732307356e-06],[5.474941893783402,100.3167360892267,0.005951099356484756],[5.437155867296994,100.3163340773236,0.2301344886842266],[1.156352218382018,98.1215748318766,0.0003886201383211555],[1.154867866740027,98.11960342735208,6.049018447969804e-05],[1.154042969238979,98.11850098701797,6.148778180420707e-05],[1.153230441334955,98.11741864727902,0.0003745458407992822],[1.151806391478424,98.11551372933847,0.01997603389314976],[0.8943208599812351,97.74096387787597,0.01010829603509619],[0.7653894578781362,97.5366737983486,0.0005330787850258496],[0.7636407060999204,97.53377544714765,2.827621287426613e-05],[0.7633252813759981,97.53324896617464,2.832448938430214e-05],[0.7629758402602818,97.53266914131449,0.0006146331392704035],[0.7609704193439626,97.52932084602206,0.1172304625055427],[0.004334539436619878,95.13607363514822,0.01883141219474502],[2.088081558326849e-06,95.01661502506039,2.574185881976437e-08],[1.314981744826582e-06,5.390361214474396,0.0131537880969729],[0.002080180380346519,5.306874938710415,0.1858413510536631]],[[3.899686856418427,3.899534861546101,0.0005269499562141761],[3.897318078589748,3.901898227676085,-0.1818787697836641],[3.195982028344659,5.447596886069753,0.0005567273791494578],[3.195750871500415,5.451123767419105,-8.018770337606321e-08],[3.195750871500415,5.451124540518919,-6.045577823737465e-14],[3.195750871500415,5.451124540518919,0.0007231830833908803],[3.195750871500415,5.455716753411323,-6.991072461388118e-06],[3.195790299590904,94.85654780106692,0.0004662194892502022],[3.195961154649694,94.85950336165408,-0.3911129395666902],[5.534947582010659,97.11294938704648,-7.011687573329249e-06],[94.67467112554266,97.11295247944574,-0.01511900263082868],[94.67840442454222,97.11268034831139,0.002016561311854396],[94.69113737847117,97.11132278503881,-0.3887953048719013],[96.84878937906809,94.67835834434436,0.004793486464106001],[96.84854044092815,94.64792140468543,2.555683149330841e-08],[96.84853966782833,5.665883164621384,0.005705457720498551],[96.84890225164088,5.629656480458884,-0.433068222427112],[94.35492168126288,3.195879511860404,0.01178831061398694],[94.28009489651032,3.197549407457643,2.54884279883418e-08],[5.536220104303737,3.19755095365727,0.0006991987153516046],[5.531780192074599,3.197550180557457,0.0004865952174431224],[5.528691658319524,3.197641406335457,-0.1906739806024201]]],"hidden":true,"onStockBottom":false,"tools":["B5D88C4F-4FA2-4D0A-B6C2-1485F3CAB73B"],"scaleFactor":1,"cutInterior":false,"uuid":"A9F935F4-EAC0-4FFB-B55F-C50ABF0E4E2E","cutOutline":true,"origin":{"y":0.591177425347631,"b":0,"z":0,"x":13.51729609498338,"c":0},"name":"rpiaplus-top-resize-outline.svg","machiningProperties":{"B5D88C4F-4FA2-4D0A-B6C2-1485F3CAB73B":{"radius":1.587499976158142,"stepover":0.15,"max_cut_connection_length":25,"z_feed_rate":40,"pass_depth":0.2050000005416776,"spindle_speed":12000,"xy_feed_rate":600,"climb":true}},"type":"OLSVGMillingPlan","outlineType":0,"collapsed":true,"jobsArray":[{"tag":"pocket","blocks":"TjFHMjEKTjJHOTAKTjNHOTQKTjRHNTUKTjVHNTMgRzAwIHotMC41MDAKTjZHMDAgeDIuNzU1IHkyLjc1NQpON0cwMCB6Mi4wMDAKTjhHMDEgRjcwIHoxLjAwMApOOU0zIFMxMjAwMApOMTBHMDQgcDEuNTAwCk4xMUcwMCB4Mi43NTUgeTIuNzU1Ck4xMkcwMSBGNzAgejAuNTAwCk4xM0cwMSBGNDAgei0wLjE1MApOMTRHMDQgcDAuMTAwCk4xNUcwMyBGNjAwIHg1LjM1NSB5MS41ODggcjQuMDA0Ck4xNkcwMSBGNjAwIHg5NC4zODcgeTEuNTg4Ck4xN0cwMyBGNjAwIHg5NC43MDkgeTEuNTk0IHI0LjIxOQpOMThHMDMgRjYwMCB4OTguNDc4IHk1LjU1NiByNC4wMDEKTjE5RzAxIEY2MDAgeDk4LjQ3OCB5OTQuNzQyCk4yMEcwMyBGNjAwIHg5NC40MTUgeTk4LjcyOSByNC4wMTMKTjIxRzAxIEY2MDAgeDUuNDczIHk5OC43MjkKTjIyRzAzIEY2MDAgeDIuNDI0IHk5Ny4xNjYgcjMuOTE1Ck4yM0cwMyBGNjAwIHgyLjIyOSB5OTYuODgxIHI0LjEwMwpOMjRHMDMgRjYwMCB4Mi4xMjQgeTk2LjcxNSByNC4zODgKTjI1RzAzIEY2MDAgeDEuNTg4IHk5NS4wMTkgcjMuODM5Ck4yNkcwMSBGNjAwIHgxLjU4OCB5NS4zODgKTjI3RzAzIEY2MDAgeDIuNzU1IHkyLjc1NSByNC4wMDQKTjI4RzAxIEY2MDAgeDIuNzc3IHkyLjc3NwpOMjlHMDIgRjYwMCB4MS42MTIgeTUuMzQ2IHIzLjk5OApOMzBHMDEgRjYwMCB4MS42MDggeTUuNDUzCk4zMUcwMSBGNjAwIHgxLjYwOCB5OTQuODY3Ck4zMkcwMSBGNjAwIHgxLjYxMSB5OTQuOTQ5Ck4zM0cwMiBGNjAwIHg1LjUyMCB5OTguNzAwIHIzLjk4MQpOMzRHMDEgRjYwMCB4OTQuNjg2IHk5OC43MDAKTjM1RzAyIEY2MDAgeDk0Ljg1MyB5OTguNjkxIHIxLjY0OQpOMzZHMDIgRjYwMCB4OTguNDM2IHk5NC42NTAgcjMuOTk1Ck4zN0cwMSBGNjAwIHg5OC40MzYgeTUuNjY0Ck4zOEcwMiBGNjAwIHg5NC4yODIgeTEuNjEwIHIzLjk3NgpOMzlHMDEgRjYwMCB4NS41MzQgeTEuNjEwCk40MEcwMSBGNjAwIHg1LjQ4NCB5MS42MTEKTjQxRzAyIEY2MDAgeDIuNzc3IHkyLjc3NyByMy45OTgKTjQyRzAwIHoxLjAwMApONDNNNQpONDRHNTMgRzAwIHotMC41MDAKTjQ1TTMwCk40NgooTVNHQGVuZCkK","tool":"B5D88C4F-4FA2-4D0A-B6C2-1485F3CAB73B","completed":0,"origin":null,"uuid":"03EFFA55-565B-4224-8497-1ADCC2E9B2CF"},{"tag":"exterior-profile",